{
    "version": "0.01",
    "vseMetadata": {
        "cameraSettings": {
            "position": {
                "x": 123.234985351563,
                "y": 200,
                "z": -43.1184768676758
            },
            "rotation": {
                "x": 90,
                "y": 10.8000144958496,
                "z": 0
            }
        }
    },
    "weather": {
        "rain": 0,
        "fog": 0,
        "wetness": 0,
        "cloudiness": 0,
        "damage": 0
    },
    "time": {
        "year": 2021,
        "month": 9,
        "day": 27,
        "hour": 1,
        "minute": 0,
        "second": 0
    },
    "map": {
        "id": "aae03d2a-b7ca-4a88-9e41-9035287a12cc",
        "name": "BorregasAve",
        "parameterType": "map"
    },
    "agents": [
        {
            "id": "73805704-1e46-4eb6-b5f9-ec2244d5951e",
            "uid": "7e5beeae-04e5-4e09-95e9-cdbe6ff2169d",
            "variant": "Lincoln2017MKZ",
            "type": 1,
            "parameterType": "vehicle",
            "transform": {
                "position": {
                    "x": 293.006561279297,
                    "y": -6.70794916152954,
                    "z": -93.26025390625
                },
                "rotation": {
                    "x": 359.139068603516,
                    "y": 285.09375,
                    "z": -2.66834394579973e-8
                }
            },
            "sensorsConfigurationId": "0e9095fa-c9b9-4f3f-8d7d-65fa2bb03921",
            "destinationPoint": {
                "position": {
                    "x": -23.0600280761719,
                    "y": -1.90098810195923,
                    "z": -46.2212219238281
                },
                "rotation": {
                    "x": 359.935180664063,
                    "y": 194.696044921875,
                    "z": -1.0838928865553e-8
                }
            }
        },
        {
            "uid": "859c4eda-6c17-4f97-8d9f-a9fbd3f4ca53",
            "variant": "Robin",
            "type": 3,
            "parameterType": "",
            "transform": {
                "position": {
                    "x": 266.866729736328,
                    "y": -6.23938608169556,
                    "z": -81.2995529174805
                },
                "rotation": {
                    "x": 1.02293372154236,
                    "y": 104.753639221191,
                    "z": 5.33693587101425e-8
                }
            },
            "behaviour": "WaypointBehaviour",
            "waypoints": [
                {
                    "ordinalNumber": 0,
                    "position": {
                        "x": 184.626388549805,
                        "y": -4.8294620513916,
                        "z": -59.6161346435547
                    },
                    "angle": {
                        "x": 1.02293372154236,
                        "y": 104.753639221191,
                        "z": 5.33693587101425e-8
                    },
                    "waitTime": 0,
                    "speed": 1,
                    "trigger": {
                        "effectors": []
                    }
                }
            ]
        },
        {
            "uid": "0b156300-249b-478c-a855-a03c91d81525",
            "variant": "Stephen",
            "type": 3,
            "parameterType": "",
            "transform": {
                "position": {
                    "x": 269.106689453125,
                    "y": -6.2808141708374,
                    "z": -81.8894348144531
                },
                "rotation": {
                    "x": 1.02293372154236,
                    "y": 104.753639221191,
                    "z": 5.33693587101425e-8
                }
            },
            "behaviour": "WaypointBehaviour",
            "waypoints": [
                {
                    "ordinalNumber": 0,
                    "position": {
                        "x": 313.450378417969,
                        "y": -6.92624378204346,
                        "z": -93.0632247924805
                    },
                    "angle": {
                        "x": 359.081695556641,
                        "y": 284.293029785156,
                        "z": 0
                    },
                    "waitTime": 0,
                    "speed": 1,
                    "trigger": {
                        "effectors": []
                    }
                },
                {
                    "ordinalNumber": 1,
                    "position": {
                        "x": 257.778045654297,
                        "y": -6.00537061691284,
                        "z": -78.8797225952148
                    },
                    "angle": {
                        "x": 0.158430427312851,
                        "y": 188.909896850586,
                        "z": 2.50129938983434e-9
                    },
                    "waitTime": 0,
                    "speed": 1,
                    "trigger": {
                        "effectors": []
                    }
                },
                {
                    "ordinalNumber": 2,
                    "position": {
                        "x": 255.511474609375,
                        "y": -6.04583644866943,
                        "z": -93.3374176025391
                    },
                    "angle": {
                        "x": 358.626739501953,
                        "y": 284.2060546875,
                        "z": 5.33761834731195e-8
                    },
                    "waitTime": 0,
                    "speed": 1,
                    "trigger": {
                        "effectors": []
                    }
                },
                {
                    "ordinalNumber": 3,
                    "position": {
                        "x": 246.370590209961,
                        "y": -5.81979513168335,
                        "z": -91.0233917236328
                    },
                    "angle": {
                        "x": 359.921081542969,
                        "y": 4.20248556137085,
                        "z": -6.25323071101747e-10
                    },
                    "waitTime": 0,
                    "speed": 1,
                    "trigger": {
                        "effectors": []
                    }
                },
                {
                    "ordinalNumber": 4,
                    "position": {
                        "x": 247.467910766602,
                        "y": -5.79917001724243,
                        "z": -76.089599609375
                    },
                    "angle": {
                        "x": 359.921081542969,
                        "y": 4.20248556137085,
                        "z": -6.25323071101747e-10
                    },
                    "waitTime": 0,
                    "speed": 1,
                    "trigger": {
                        "effectors": []
                    }
                }
            ]
        },
        {
            "uid": "5fd32e16-abd3-41a7-904b-64b3fc08fe93",
            "variant": "Pamela",
            "type": 3,
            "parameterType": "",
            "transform": {
                "position": {
                    "x": 253.461929321289,
                    "y": -6.09865713119507,
                    "z": -92.3503570556641
                },
                "rotation": {
                    "x": 1.02293372154236,
                    "y": 104.753631591797,
                    "z": 5.33693516047151e-8
                }
            },
            "behaviour": "WaypointBehaviour",
            "waypoints": [
                {
                    "ordinalNumber": 0,
                    "position": {
                        "x": 267.595123291016,
                        "y": -6.2656831741333,
                        "z": -81.4913635253906
                    },
                    "angle": {
                        "x": 0.134705275297165,