{
    "version": "0.01",
    "vseMetadata": {
        "cameraSettings": {
            "position": {
                "x": 440.818572998047,
                "y": 155.309906005859,
                "z": -103.561080932617
            },
            "rotation": {
                "x": 89.7012939453125,
                "y": 354.899719238281,
                "z": 4.10305947298184e-05
            }
        }
    },
    "weather": {
        "rain": 0,
        "fog": 0,
        "wetness": 0,
        "cloudiness": 0,
        "damage": 0
    },
    "time": {
        "year": 2021,
        "month": 9,
        "day": 27,
        "hour": 8,
        "minute": 0,
        "second": 0
    },
    "map": {
        "id": "aae03d2a-b7ca-4a88-9e41-9035287a12cc",
        "name": "BorregasAve",
        "parameterType": "map"
    },
    "agents": [
        {
            "id": "73805704-1e46-4eb6-b5f9-ec2244d5951e",
            "uid": "77463c9c-4377-4762-aee9-c6ee74495f2d",
            "variant": "Lincoln2017MKZ",
            "type": 1,
            "parameterType": "vehicle",
            "transform": {
                "position": {
                    "x": 65.0592575073242,
                    "y": -3.24935698509216,
                    "z": -36.8395309448242
                },
                "rotation": {
                    "x": 0.825479209423065,
                    "y": 104.742301940918,
                    "z": -8.00495811859037e-08
                }
            },
            "sensorsConfigurationId": "0e9095fa-c9b9-4f3f-8d7d-65fa2bb03921",
            "destinationPoint": {
                "position": {
                    "x": 350.984283447266,
                    "y": -7.57608795166016,
                    "z": -53.9439010620117
                },
                "rotation": {
                    "x": 0.166724681854248,
                    "y": 14.8256072998047,
                    "z": 2.50130085532874e-08
                }
            }
        },
        {
            "uid": "b393ca12-6512-4764-9284-1905f22d953d",
            "variant": "Jeep",
            "type": 2,
            "parameterType": "",
            "transform": {
                "position": {
                    "x": 36.1805572509766,
                    "y": -2.8781898021698,
                    "z": -32.5636138916016
                },
                "rotation": {
                    "x": 1.0843985080719,
                    "y": 103.562690734863,
                    "z": -1.06740813521355e-07
                }
            },
            "behaviour": {
                "name": "NPCWaypointBehaviour",
                "parameters": {
                    "isLaneChange": false,
                    "maxSpeed": 0
                }
            },
            "color": {
                "r": 1,
                "g": 0.442666590213776,
                "b": 0.251999914646149
            },
            "waypoints": [
                {
                    "ordinalNumber": 0,
                    "position": {
                        "x": 324.926879882813,
                        "y": -7.39981079101563,
                        "z": -109.582321166992
                    },
                    "angle": {
                        "x": 1.0843985080719,
                        "y": 103.562690734863,
                        "z": -1.06740813521355e-07
                    },
                    "waitTime": 0,
                    "speed": 6,
                    "trigger": {
                        "effectors": []
                    }
                }
            ]
        },
        {
            "uid": "edc50707-99f5-45e7-99d1-a3a69a422163",
            "variant": "SUV",
            "type": 2,
            "parameterType": "",
            "transform": {
                "position": {
                    "x": 66.3996353149414,
                    "y": -3.37223124504089,
                    "z": -42.683235168457
                },
                "rotation": {
                    "x": 0.825479209423065,
                    "y": 104.742301940918,
                    "z": -8.00495811859037e-08
                }
            },
            "behaviour": {
                "name": "NPCWaypointBehaviour",
                "parameters": {
                    "isLaneChange": false,
                    "maxSpeed": 0
                }
            },
            "color": {
                "r": 0.0141509473323822,
                "g": 0.249999970197678,
                "b": 0.0235849004238844
            },
            "waypoints": [
                {
                    "ordinalNumber": 0,
                    "position": {
                        "x": 83.7652053833008,
                        "y": -3.54497623443604,
                        "z": -41.7617225646973
                    },
                    "angle": {
                        "x": 0.587221562862396,
                        "y": 106.291702270508,
                        "z": -2.66818229732735e-08
                    },
                    "waitTime": 0,
                    "speed": 6,
                    "trigger": {
                        "effectors": []
                    }
                },
                {
                    "ordinalNumber": 1,
                    "position": {
                        "x": 341.025817871094,
                        "y": -6.29202461242676,
                        "z": -116.949592590332
                    },
                    "angle": {
                        "x": 0.587221562862396,
                        "y": 106.291702270508,
                        "z": -2.66818229732735e-08
                    },
                    "waitTime": 0,
                    "speed": 6,
                    "trigger": {
                        "effectors": []
                    }
                }
            ]
        }
    ],
    "controllables": [
        {
            "uid": "1aff92f7-bb54-467c-b4d8-2a141de7a6bd",
            "policy": [],
            "spawned": false
        },
        {
            "uid": "d3f49ec7-0c8f-447d-85d0-fb492dacada5",
            "policy": [],
            "spawned": false
        },
        {
            "uid": "4087a726-ad47-4f95-a0eb-3709b6c7f670",
            "policy": [],
            "spawned": false
        },
        {
            "uid": "730eded5-4c33-4141-9b1d-6c7d7a6708f3",
            "policy": [],
            "spawned": false
        },
        {
            "uid": "14520767-36f7-4417-bd9a-fe0fdc4923c4",
            "policy": [],
            "spawned": false
        },
        {
            "uid": "10465566-a498-43bd-9650-26d989884a4a",
            "policy": [],
            "spawned": false
        },
        {
            "uid": "9e1dce77-debd-4688-aa76-1fca06e6a666",
            "policy": [],
            "spawned": false
        },
        {
            "uid": "6e74cdb6-dd20-4592-bf25-9d596a02457e",
            "policy": [],
            "spawned": false
        },
        {
            "uid": "7c991710-b786-4bc6-b87d-20370b7cffa6",
            "policy": [],
            "spawned": false
        },
        {
            "uid": "7cf943f6-f43d-4288-8aec-f41393e18302",
            "policy": [],
            "spawned": false
        },
        {
            "uid": "0c6cdeed-d5bb-4128-a5f9-a23a6cf47ac5",
            "policy": [],
            "spawned": false
        },
        {
            "uid": "f7a2d27c-f50b-409a-a477-c39b4fd3a422",
            "policy": [],
            "spawned": false
        },
        {
            "uid": "2625825d-18bb-4c34-8848-6f3a2eb84336",
            "policy": [],
            "spawned": false
        },
        {
            "uid": "a34f995f-30aa-4e46-8fc8-159de508b2e1",
            "policy": [],
            "spawned": false
        },
        {
            "uid": "2d07c8ec-6cf6-4c39-bff3-1b8b44a2e4fd",
            "policy": [],
            "spawned": false
        }
    ]
}